Crane_C_Mar	TAGTTACC	CACATTGT
Crane_C_May	TAGTTACC	CATAATGG
Crane_G_Mar	ATACGCAC	GACCAATT
Crane_G_May	TTAGAGTC	ATTGAAGC
K129_C_Mar	GTGAACTC	CTACAGTA
K129_C_May	GTCAATCC	AGTAGCTT
K129_G_Mar	GTGAACTC	CTGAGAGA
K129_G_May	TATATGCC	ATACTGAC
K232_C_Mar	GCGTAATC	AGTAGCTT
K232_C_May	GTTATAGC	GATATGTC
K232_G_Mar	ATCTGGAC	CTTGAACG
K232_G_May	GAATACTC	CCGAGAAT
K317_C_Mar	GCGTAATC	GACCAATT
K317_C_May	AGTTCATC	ATAGCGTA
K317_G_Mar	GCGTAATC	GTTGACAC
K317_G_May	GTCAATCC	GACCAATT
K439_C_Mar	ATACGCAC	CCGAGAAT
K439_C_May	GAATACTC	GACCAATT
K439_G_Mar	ATACGCAC	GTTGACAC
K439_G_May	GACCATAC	CATGTTAC
K455_C_Mar	GACCATAC	CTGAGAGA
K455_C_May	AACTTAGC	GATATGTC
K455_G_Mar	ATACGCAC	AGTAGCTT
K455_G_May	GAATACTC	GTTGACAC
K517_C_Mar	TAGTTACC	GACCAATT
K517_C_May	AACTTAGC	GTTCCTAA
K517_G_Mar	ATGTGACC	CTACAGTA
K517_G_May	GTTATAGC	CTGAGAGA
K592_C_Mar	ATCTGGAC	GATATGTC
K592_C_May	GTAGATAC	CATAATGG
K592_G_Mar	ATCTGGAC	CTGATCGT
K592_G_May	GACCATAC	GATATGTC
K733_C_Mar	ATGTGACC	GATATGTC
K733_C_May	TTAGAGTC	ACCTGATT
K733_G_Mar	ATGTGACC	CTGATCGT
K733_G_May	GACCATAC	CTTGAACG
K770_C_Mar	GTCAATCC	CACATTGT
K770_C_May	TAGTTACC	AGTAGCTT
K770_G_Mar	GTCAATCC	GTTGACAC
K770_G_May	GTTATAGC	GTTCCTAA
