Crane_C_Mar	ACTTAGCA	GAGATCGA
Crane_C_May	TGACTTAG	CATTAAGG
Crane_G_Mar	GGTACTCA	AAGCTCCA
Crane_G_May	TATCAGTC	TACACAGT
K129_C_Mar	GCTTCTAG	ATCACAGC
K129_C_May	CAATGCGA	TTCAGCGA
K129_G_Mar	GCTTCTAG	GCAGTATC
K129_G_May	CAATGCGA	TACAGCCT
K232_C_Mar	TGCAACCA	AAGCTCCA
K232_C_May	ACTTCTGA	CCTTATCG
K232_G_Mar	TGCAACCA	ATCACAGC
K232_G_May	ACTTCTGA	TCGCGTAA
K317_C_Mar	TAGCTCTG	TACAGCCT
K317_C_May	TATACGAG	CATTAAGG
K317_G_Mar	TAGCTCTG	ACCTGTCA
K317_G_May	CAATGCGA	AAGCCTAG
K439_C_Mar	TGTAGGTC	TACAGCCT
K439_C_May	AGTAACGG	AAGCCTAG
K439_G_Mar	TGTAGGTC	ACCTGTCA
K439_G_May	AGTAACGG	TTCAGCGA
K455_C_Mar	GCTATTGC	AAGCTCCA
K455_C_May	AACTGTTC	CCTTATCG
K455_G_Mar	TGTAGGTC	TTCAGCGA
K455_G_May	AGTAACGG	GAGATCGA
K517_C_Mar	ACTTAGCA	AAGCCTAG
K517_C_May	AACTGTTC	AGCATGTG
K517_G_Mar	GCTATTGC	TCGCGTAA
K517_G_May	AACTGTTC	GCATGACA
K592_C_Mar	CATCTTGA	TCCACGTT
K592_C_May	TTACCTGA	TCCACGTT
K592_G_Mar	TGCAACCA	TCGCGTAA
K592_G_May	ACTTCTGA	GCATGACA
K733_C_Mar	GGTACTCA	ATCACAGC
K733_C_May	TATCAGTC	TAAGAGTC
K733_G_Mar	GGTACTCA	GCAGTATC
K733_G_May	TATACGAG	CAAGCTAT
K770_C_Mar	AGCTAGTA	GCATGACA
K770_C_May	TTACCTGA	TACACAGT
K770_G_Mar	CATCTTGA	TAAGAGTC
K770_G_May	TTACCTGA	TAAGAGTC
